instance_id,pose_label,left_finger_state_0,left_finger_state_1,left_finger_state_2,left_finger_state_3,left_finger_state_4,right_finger_state_0,right_finger_state_1,right_finger_state_2,right_finger_state_3,right_finger_state_4,motion_x_start,motion_y_start,motion_x_mid,motion_y_mid,motion_x_end,motion_y_end,main_axis_x,main_axis_y,delta_x,delta_y
1,zoom_in,0,0,0,0,0,0,1,1,1,1,0.6811120510101318,0.7354246377944946,0.6802305777867635,0.6118078231811523,0.6688816547393799,0.4585135579109192,0,1,0.0,-0.27691107988357544
2,zoom_in,0,0,0,0,0,0,1,1,1,1,0.6979238092899323,0.9564475119113922,0.6958970824877421,0.6985478202501932,0.6942474246025085,0.5303870737552643,0,1,0.0,-0.42606043815612793
3,zoom_in,0,0,0,0,0,0,1,1,1,1,0.7243117392063141,0.9043929874897003,0.7217145562171936,0.5936004718144735,0.7299115657806396,0.5751393437385559,0,1,0.0,-0.3292536437511444
4,zoom_in,0,0,0,0,0,0,1,1,1,1,0.7287558019161224,0.896321564912796,0.718892236550649,0.7498099406560262,0.7108340561389923,0.6467821002006531,0,1,0.0,-0.24953946471214294
