instance_id,pose_label,left_finger_state_0,left_finger_state_1,left_finger_state_2,left_finger_state_3,left_finger_state_4,right_finger_state_0,right_finger_state_1,right_finger_state_2,right_finger_state_3,right_finger_state_4,motion_x_start,motion_y_start,motion_x_mid,motion_y_mid,motion_x_end,motion_y_end,main_axis_x,main_axis_y,delta_x,delta_y
1,next_slide,0,0,0,0,0,0,1,0,0,0,0.6452514231204987,0.7701344788074493,0.774520754814148,0.7899878025054932,0.942820817232132,0.8093494474887848,1,0,0.2975693941116333,0.0
2,next_slide,0,0,0,0,0,1,1,0,0,0,0.5766387581825256,0.7984556555747986,0.6625363230705261,0.7919454773267111,0.9196744561195374,0.8100414276123047,1,0,0.3430356979370117,0.0
3,next_slide,0,0,0,0,0,0,1,0,0,0,0.5653209686279297,0.793986439704895,0.731308380762736,0.833604097366333,0.8971160650253296,0.8353074193000793,1,0,0.3317950963973999,0.0
4,next_slide,0,0,0,0,0,0,1,0,0,0,0.5696317255496979,0.7995781302452087,0.7903859814008077,0.8415929277737936,0.9149532914161682,0.8537471890449524,1,0,0.34532156586647034,0.0
5,next_slide,0,0,0,0,0,1,1,0,0,0,0.5438756942749023,0.7877552509307861,0.6045178174972534,0.8123751282691956,0.8833669126033783,0.8368081748485565,1,0,0.33949121832847595,0.0
