instance_id,pose_label,left_finger_state_0,left_finger_state_1,left_finger_state_2,left_finger_state_3,left_finger_state_4,right_finger_state_0,right_finger_state_1,right_finger_state_2,right_finger_state_3,right_finger_state_4,motion_x_start,motion_y_start,motion_x_mid,motion_y_mid,motion_x_end,motion_y_end,main_axis_x,main_axis_y,delta_x,delta_y
1,zoom_in,0,0,0,0,0,0,1,1,0,0,0.6646137237548828,0.7514466941356659,0.7471415400505066,0.7735176483790079,0.8208981454372406,0.779937744140625,1,0,0.1562844216823578,0.0
2,zoom_in,0,0,0,0,0,0,1,1,0,0,0.586096853017807,0.7792303264141083,0.6884254415829977,0.7728240489959717,0.8136478960514069,0.7709061503410339,1,0,0.22755104303359985,0.0
3,zoom_in,0,0,0,0,0,0,1,1,0,0,0.5547851324081421,0.7890092730522156,0.725741446018219,0.7684472997983297,0.8249008357524872,0.7695438265800476,1,0,0.2701157033443451,0.0
