mean_fit_time,std_fit_time,mean_score_time,std_score_time,param_C,param_gamma,param_kernel,params,split0_test_score,split1_test_score,split2_test_score,split3_test_score,split4_test_score,split5_test_score,split6_test_score,split7_test_score,split8_test_score,split9_test_score,mean_test_score,std_test_score,rank_test_score
0.4070456027984619,0.030601454696300632,0.05710606575012207,0.004844622028429635,10.0,auto,rbf,"{'C': 10.0, 'gamma': 'auto', 'kernel': 'rbf'}",0.9819819819819819,0.9414414414414415,0.9414414414414415,0.9414414414414415,0.9592760180995475,0.9638009049773756,0.9547511312217195,0.9819004524886877,0.9547511312217195,0.9638009049773756,0.9584586849292732,0.01434175815894538,1
0.4422683000564575,0.05970039091775159,0.05824298858642578,0.008192790556675078,20.0,auto,rbf,"{'C': 20.0, 'gamma': 'auto', 'kernel': 'rbf'}",0.9774774774774775,0.9414414414414415,0.9459459459459459,0.9369369369369369,0.9592760180995475,0.9592760180995475,0.9547511312217195,0.9819004524886877,0.9547511312217195,0.9638009049773756,0.95755574579104,0.013674012161454202,2
