instance_id,pose_label,left_finger_state_0,left_finger_state_1,left_finger_state_2,left_finger_state_3,left_finger_state_4,right_finger_state_0,right_finger_state_1,right_finger_state_2,right_finger_state_3,right_finger_state_4,motion_x_start,motion_y_start,motion_x_mid,motion_y_mid,motion_x_end,motion_y_end,main_axis_x,main_axis_y,delta_x,delta_y
1,zoom_out,0,0,0,0,0,1,1,1,1,1,0.5847896933555603,0.7290504276752472,0.7245218952496847,0.7116289536158243,0.8567620515823364,0.7390309572219849,1,0,0.2719723582267761,0.0
2,zoom_out,0,0,0,0,0,1,1,1,1,1,0.5209248661994934,0.7294766902923584,0.7687859932581583,0.7265500028928121,0.84331414103508,0.7531934380531311,1,0,0.32238927483558655,0.0
3,zoom_out,0,0,0,0,0,1,1,1,1,1,0.5133519470691681,0.7300215661525726,0.7158355514208475,0.7188098430633545,0.7882491052150726,0.7303089201450348,1,0,0.27489715814590454,0.0
4,zoom_out,0,0,0,0,0,1,1,1,1,1,0.5815020203590393,0.762420266866684,0.6372780005137125,0.730315645535787,0.8178437352180481,0.7470945715904236,1,0,0.2363417148590088,0.0
