instance_id,pose_label,left_finger_state_0,left_finger_state_1,left_finger_state_2,left_finger_state_3,left_finger_state_4,right_finger_state_0,right_finger_state_1,right_finger_state_2,right_finger_state_3,right_finger_state_4,motion_x_start,motion_y_start,motion_x_mid,motion_y_mid,motion_x_end,motion_y_end,main_axis_x,main_axis_y,delta_x,delta_y
1,zoom_out,0,0,0,0,0,1,1,1,0,0,0.6558879315853119,0.7640791535377502,0.6850634018580118,0.7584774891535441,0.9085516631603241,0.7605993151664734,1,0,0.2526637315750122,0.0
2,zoom_out,0,0,0,0,0,1,1,1,0,0,0.5861674249172211,0.7880642116069794,0.6636346181233724,0.7728901902834574,0.8805602490901947,0.7873330116271973,1,0,0.29439282417297363,0.0
3,zoom_out,0,0,0,0,0,1,1,1,0,0,0.5810202956199646,0.8386143445968628,0.7484640081723531,0.7952221830685934,0.8500320315361023,0.8005716502666473,1,0,0.2690117359161377,0.0
4,zoom_out,0,0,0,0,0,1,1,1,0,0,0.6132850646972656,0.8321260213851929,0.7860679427782694,0.8077545563379923,0.8676532208919525,0.8156154751777649,1,0,0.2543681561946869,0.0
