instance_id,pose_label,left_finger_state_0,left_finger_state_1,left_finger_state_2,left_finger_state_3,left_finger_state_4,right_finger_state_0,right_finger_state_1,right_finger_state_2,right_finger_state_3,right_finger_state_4,motion_x_start,motion_y_start,motion_x_mid,motion_y_mid,motion_x_end,motion_y_end,main_axis_x,main_axis_y,delta_x,delta_y
1,end_present,0,0,0,0,0,1,1,1,1,1,0.6514212191104889,0.6675331592559814,0.6639035145441691,0.66071484486262,0.8267130553722382,0.65989750623703,1,0,0.17529183626174927,0.0
2,end_present,0,0,0,0,0,1,1,1,1,1,0.5549041330814362,0.668457567691803,0.674051304658254,0.6728384494781494,0.8230225443840027,0.6866293549537659,1,0,0.26811841130256653,0.0
3,end_present,0,0,0,0,0,1,1,1,1,1,0.5347493290901184,0.6639330089092255,0.6073360244433085,0.6621077656745911,0.8307113945484161,0.6994653642177582,1,0,0.29596206545829773,0.0
4,end_present,0,0,0,0,0,1,1,1,1,1,0.5384370982646942,0.658860445022583,0.6058509747187296,0.6503573656082153,0.7671061754226685,0.6588121950626373,1,0,0.22866907715797424,0.0
5,end_present,0,0,0,0,0,1,1,1,1,1,0.535258024930954,0.6672438085079193,0.5740823944409689,0.6607517202695211,0.7617106735706329,0.6843380331993103,1,0,0.22645264863967896,0.0
