instance_id,pose_label,left_finger_state_0,left_finger_state_1,left_finger_state_2,left_finger_state_3,left_finger_state_4,right_finger_state_0,right_finger_state_1,right_finger_state_2,right_finger_state_3,right_finger_state_4,motion_x_start,motion_y_start,motion_x_mid,motion_y_mid,motion_x_end,motion_y_end,main_axis_x,main_axis_y,delta_x,delta_y
1,next_slide,0,0,0,0,0,1,1,1,1,0,0.7133761048316956,0.7549237608909607,0.7108191847801208,0.7445267041524252,0.7125155031681061,0.43570590019226074,0,1,0.0,-0.31921786069869995
2,next_slide,0,0,0,0,0,1,1,1,1,0,0.716943234205246,0.87257120013237,0.712627092997233,0.6786692142486572,0.7068565189838409,0.5101997554302216,0,1,0.0,-0.36237144470214844
3,next_slide,0,0,0,0,0,1,1,1,1,0,0.7141085565090179,0.9380636513233185,0.7200837731361389,0.8493728637695312,0.6969257295131683,0.5384067595005035,0,1,0.0,-0.39965689182281494
4,next_slide,0,0,0,0,0,1,1,1,1,0,0.7224421799182892,0.9544849097728729,0.7279099623362223,0.675210158030192,0.7169455885887146,0.5671673119068146,0,1,0.0,-0.38731759786605835
5,next_slide,0,0,0,0,0,1,1,1,1,0,0.7056671977043152,0.9366135895252228,0.7131163676579794,0.6392491857210795,0.7028496265411377,0.5461979508399963,0,1,0.0,-0.39041563868522644
