instance_id,pose_label,left_finger_state_0,left_finger_state_1,left_finger_state_2,left_finger_state_3,left_finger_state_4,right_finger_state_0,right_finger_state_1,right_finger_state_2,right_finger_state_3,right_finger_state_4,motion_x_start,motion_y_start,motion_x_mid,motion_y_mid,motion_x_end,motion_y_end,main_axis_x,main_axis_y,delta_x,delta_y
1,rotate_left,0,0,0,0,0,0,1,1,1,1,0.627862960100174,0.8414186835289001,0.6458003719647726,0.835131824016571,0.7660554647445679,0.8031895160675049,1,0,0.13819250464439392,0.0
2,rotate_left,0,0,0,0,0,0,1,1,1,1,0.6449007093906403,0.8368202149868011,0.7784428795178732,0.8266580502192179,0.7973982691764832,0.8358932137489319,1,0,0.1524975597858429,0.0
3,rotate_left,0,0,0,0,0,0,1,1,1,1,0.608183354139328,0.8548888564109802,0.7640498479207357,0.8342338999112447,0.7797353267669678,0.835835337638855,1,0,0.17155197262763977,0.0
4,rotate_left,0,0,0,0,0,0,1,1,1,1,0.6353411078453064,0.83377805352211,0.7318758368492126,0.8214832544326782,0.7605614066123962,0.8141323029994965,1,0,0.12522029876708984,0.0
