instance_id,pose_label,left_finger_state_0,left_finger_state_1,left_finger_state_2,left_finger_state_3,left_finger_state_4,right_finger_state_0,right_finger_state_1,right_finger_state_2,right_finger_state_3,right_finger_state_4,motion_x_start,motion_y_start,motion_x_mid,motion_y_mid,motion_x_end,motion_y_end,main_axis_x,main_axis_y,delta_x,delta_y
1,end,0,0,0,0,0,1,1,1,0,0,0.8313578963279724,0.7008397579193115,0.7526912689208984,0.6885947585105896,0.6001236438751221,0.7163554430007935,1,0,-0.23123425245285034,0.0
2,end,0,0,0,0,0,1,1,1,0,0,0.84403395652771,0.72715163230896,0.6985161105791727,0.7348718841870626,0.5617476999759674,0.7591826617717743,1,0,-0.28228625655174255,0.0
3,end,0,0,0,0,0,1,1,1,0,0,0.8367616236209869,0.7729148864746094,0.6972306370735168,0.7464211185773214,0.5419445037841797,0.7785525918006897,1,0,-0.29481711983680725,0.0
4,end,0,0,0,0,0,1,1,1,0,0,0.838403195142746,0.8093622326850891,0.6596834063529968,0.7970257004102071,0.5539658665657043,0.807509571313858,1,0,-0.2844373285770416,0.0
