instance_id,pose_label,left_finger_state_0,left_finger_state_1,left_finger_state_2,left_finger_state_3,left_finger_state_4,right_finger_state_0,right_finger_state_1,right_finger_state_2,right_finger_state_3,right_finger_state_4,motion_x_start,motion_y_start,motion_x_mid,motion_y_mid,motion_x_end,motion_y_end,main_axis_x,main_axis_y,delta_x,delta_y
1,zoom_in_slide,0,0,0,0,0,1,1,1,1,1,0.7074597179889679,0.8615973591804504,0.7455573479334513,0.8554900685946146,0.8843437433242798,0.8283995389938354,1,0,0.1768840253353119,0.0
2,zoom_in_slide,0,0,0,0,0,1,1,1,1,1,0.6761501729488373,0.801435798406601,0.8046160737673441,0.778059204419454,0.8745725452899933,0.7768139243125916,1,0,0.198422372341156,0.0
3,zoom_in_slide,0,0,0,0,0,1,1,1,1,1,0.6350510716438293,0.7853239476680756,0.7725004951159159,0.7644348541895548,0.8569878935813904,0.7652915716171265,1,0,0.22193682193756104,0.0
4,zoom_in_slide,0,0,0,0,0,1,1,1,1,1,0.632208526134491,0.8002308905124664,0.7000575065612793,0.7939745783805847,0.8707523047924042,0.7871881127357483,1,0,0.2385437786579132,0.0
5,zoom_in_slide,0,0,0,0,0,1,1,1,1,1,0.6349816918373108,0.7899913489818573,0.7606094479560852,0.7855100035667419,0.8450941443443298,0.7781380712985992,1,0,0.21011245250701904,0.0
